Date,Time (UTC),Exchange,Symbol,Side,Quantity,Price,Total USD,Fee (est.),Net P&L,SL,TP,Order ID,Mode,Portfolio,Notes
2026-05-06,22:20:08,BitGet,ETHUSDT,SHORT,0.22,2347.23,10.33,0.5164,OPEN,,,1436046172245078017,LIVE,synapse_t,"Ulaz SHORT po 2347.23"
2026-05-07,07:19:33,BitGet,ETHUSDT,CLOSE_SHORT,0.22,2340.83,10.33,0.5150,0.4283,,,1436046172245078017-CLOSE,LIVE,synapse_t,"WIN: +0.4283 USDT | Ulaz 2347.23 → Izlaz 2340.83"
2026-05-06,22:20:11,BitGet,PEPEUSDT,SHORT,126109000,0.0000041423,10.45,0.5224,OPEN,,,1436046185490690050,LIVE,synapse_t,"Ulaz SHORT po 0.0000041423"
2026-05-07,07:17:28,BitGet,PEPEUSDT,CLOSE_SHORT,126109000,0.0000042053,10.45,0.5303,-8.9235,,,1436046185490690050-CLOSE,LIVE,synapse_t,"LOSS: -8.9235 USDT | Ulaz 0.0000041423 → Izlaz 0.0000042053"
2026-05-06,22:34:12,BitGet,DOGEUSDT,SHORT,4554,0.11242,10.24,0.5120,OPEN,,,1436049713462390786,LIVE,synapse_t,"Ulaz SHORT po 0.11242"
2026-05-07,07:19:33,BitGet,DOGEUSDT,CLOSE_SHORT,4554,0.11155,10.24,0.5080,2.9932,,,1436049713462390786-CLOSE,LIVE,synapse_t,"WIN: +2.9932 USDT | Ulaz 0.11242 → Izlaz 0.11155"
2026-05-06,22:34:15,BitGet,RIVERUSDT,LONG,81,6.17,10.00,0.4998,OPEN,,,1436049722522087426,LIVE,synapse_t,"Ulaz LONG po 6.17"
2026-05-07,02:38:56,BitGet,RIVERUSDT,CLOSE_LONG,81,5.871,10.00,0.4756,-25.4895,,,1436049722522087426-CLOSE,LIVE,synapse_t,"LOSS: -25.4895 USDT | Ulaz 6.17 → Izlaz 5.871"
2026-05-06,23:04:19,BitGet,ZECUSDT,SHORT,0.891,551.39,9.83,0.4913,OPEN,,,1436057289533042690,LIVE,synapse_t,"Ulaz SHORT po 551.39"
2026-05-07,06:40:45,BitGet,ZECUSDT,CLOSE_SHORT,0.891,559.5,9.83,0.4985,-8.1661,,,1436057289533042690-CLOSE,LIVE,synapse_t,"LOSS: -8.1661 USDT | Ulaz 551.39 → Izlaz 559.5"
2026-05-07,01:49:14,BitGet,SUIUSDT,SHORT,492,0.9789,9.63,0.4816,OPEN,,,1436098793509105667,LIVE,synapse_t,"Ulaz SHORT po 0.9789"
2026-05-07,06:42:28,BitGet,SUIUSDT,CLOSE_SHORT,492,0.9935,9.63,0.4888,-8.1476,,,1436098793509105667-CLOSE,LIVE,synapse_t,"LOSS: -8.1476 USDT | Ulaz 0.9789 → Izlaz 0.9935"
2026-05-07,03:19:14,BitGet,RIVERUSDT,SHORT,82,6.021,9.87,0.4938,OPEN,,,1436121444126437378,LIVE,synapse_t,"Ulaz SHORT po 6.021"
2026-05-07,07:19:33,BitGet,RIVERUSDT,CLOSE_SHORT,82,5.989,9.87,0.4911,1.8071,,,1436121444126437378-CLOSE,LIVE,synapse_t,"WIN: +1.8071 USDT | Ulaz 6.021 → Izlaz 5.989"
2026-05-07,06:48:28,BitGet,SUIUSDT,LONG,486,0.9933,9.65,0.4827,OPEN,,,1436174097518833666,LIVE,synapse_t,"Ulaz LONG po 0.9933"
2026-05-07,07:19:33,BitGet,SUIUSDT,CLOSE_LONG,486,1.0024,9.65,0.4872,3.4757,,,1436174097518833666-CLOSE,LIVE,synapse_t,"WIN: +3.4757 USDT | Ulaz 0.9933 → Izlaz 1.0024"
2026-05-07,07:19:41,BitGet,XAUUSDT,LONG,0.09,4744.54,8.54,0.4270,OPEN,,,1436181954100371456,LIVE,synapse_t,"Ulaz LONG po 4744.54"
2026-05-07,07:22:13,BitGet,XAUUSDT,CLOSE_LONG,0.09,4742.76,8.54,0.4268,-1.0141,,,1436181954100371456-CLOSE,LIVE,synapse_t,"LOSS: -1.0141 USDT | Ulaz 4744.54 → Izlaz 4742.76"
2026-05-07,07:31:09,BitGet,SUIUSDT,LONG,474,1.0043,9.52,0.4760,OPEN,,,1436184840448389120,LIVE,synapse_t,"Ulaz LONG po 1.0043"
2026-05-07,09:27:59,BitGet,SUIUSDT,CLOSE_LONG,474,0.9898,9.52,0.4692,-7.8387,,,1436184840448389120-CLOSE,LIVE,synapse_t,"LOSS: -7.8387 USDT | Ulaz 1.0043 → Izlaz 0.9898"
2026-05-07,07:31:11,BitGet,SOLUSDT,LONG,5.2,89.648,9.32,0.4662,OPEN,,,1436184849789104131,LIVE,synapse_t,"Ulaz LONG po 89.648"
2026-05-07,14:31:19,BitGet,SOLUSDT,CLOSE_LONG,5.2,88.296,9.32,0.4591,-7.9686,,,1436184849789104131-CLOSE,LIVE,synapse_t,"LOSS: -7.9686 USDT | Ulaz 89.648 → Izlaz 88.296"
2026-05-07,07:31:14,BitGet,HYPEUSDT,LONG,10.6,43.095,9.14,0.4568,OPEN,,,1436184858928492547,LIVE,synapse_t,"Ulaz LONG po 43.095"
2026-05-07,13:50:44,BitGet,HYPEUSDT,CLOSE_LONG,10.6,42.45,9.14,0.4500,-7.7954,,,1436184858928492547-CLOSE,LIVE,synapse_t,"LOSS: -7.7954 USDT | Ulaz 43.095 → Izlaz 42.45"
2026-05-07,07:31:16,BitGet,LINKUSDT,LONG,44,10.077,8.87,0.4434,OPEN,,,1436184867258380292,LIVE,synapse_t,"Ulaz LONG po 10.077"
2026-05-07,13:47:46,BitGet,LINKUSDT,CLOSE_LONG,44,9.928,8.87,0.4368,-7.4807,,,1436184867258380292-CLOSE,LIVE,synapse_t,"LOSS: -7.4807 USDT | Ulaz 10.077 → Izlaz 9.928"
2026-05-07,07:31:18,BitGet,PEPEUSDT,LONG,104045000,0.0000042182,8.78,0.4389,OPEN,,,1436184876305494021,LIVE,synapse_t,"Ulaz LONG po 0.0000042182"
2026-05-07,10:28:41,BitGet,PEPEUSDT,CLOSE_LONG,104045000,0.0000041543,8.78,0.4322,-7.5719,,,1436184876305494021-CLOSE,LIVE,synapse_t,"LOSS: -7.5719 USDT | Ulaz 0.0000042182 → Izlaz 0.0000041543"
2026-05-07,10:31:17,BitGet,NEARUSDT,SHORT,292,1.4689,8.58,0.4289,OPEN,,,1436230173136138258,LIVE,synapse_t,"Ulaz SHORT po 1.4689"
2026-05-07,12:21:25,BitGet,NEARUSDT,CLOSE_SHORT,292,1.4916,8.58,0.4355,-7.4733,,,1436230173136138258-CLOSE,LIVE,synapse_t,"LOSS: -7.4733 USDT | Ulaz 1.4689 → Izlaz 1.4916"
2026-05-07,12:46:18,BitGet,RIVERUSDT,LONG,69,6.089,8.40,0.4201,OPEN,,,1436264147833204805,LIVE,synapse_t,"Ulaz LONG po 6.089"
2026-05-07,14:39:28,BitGet,RIVERUSDT,CLOSE_LONG,69,5.993,8.40,0.4135,-7.4557,,,1436264147833204805-CLOSE,LIVE,synapse_t,"LOSS: -7.4557 USDT | Ulaz 6.089 → Izlaz 5.993"
2026-05-07,14:01:20,BitGet,DOGEUSDT,SHORT,3766,0.10933,8.23,0.4117,OPEN,,,1436283031894241357,LIVE,synapse_t,"Ulaz SHORT po 0.10933"
2026-05-08,02:17:12,BitGet,DOGEUSDT,CLOSE_SHORT,3766,0.10604,8.23,0.3993,11.6603,,,1436283031894241357-CLOSE,LIVE,synapse_t,"WIN: +11.6603 USDT | Ulaz 0.10933 → Izlaz 0.10604"
2026-05-07,14:01:22,BitGet,ETHUSDT,SHORT,0.17,2313.75,7.87,0.3933,OPEN,,,1436283042128343201,LIVE,synapse_t,"Ulaz SHORT po 2313.75"
2026-05-08,20:36:51,BitGet,ETHUSDT,CLOSE_SHORT,0.17,2310.53,7.87,0.3928,-0.0819,,,1436283042128343201-CLOSE,LIVE,synapse_t,"LOSS: -0.0819 USDT | Ulaz 2313.75 → Izlaz 2310.53"
2026-05-08,18:33:16,BitGet,RIVERUSDT,LONG,28,6.37,3.57,0.1784,OPEN,,,1436713853675778050,LIVE,synapse_t,"Ulaz LONG po 6.37"
2026-05-08,20:36:51,BitGet,RIVERUSDT,CLOSE_LONG,28,6.362,3.57,0.1782,-0.5956,,,1436713853675778050-CLOSE,LIVE,synapse_t,"LOSS: -0.5956 USDT | Ulaz 6.37 → Izlaz 6.362"
2026-05-08,18:33:18,BitGet,ETHUSDT,LONG,0.07,2320.32,3.25,0.1624,OPEN,,,1436713862810972161,LIVE,synapse_t,"Ulaz LONG po 2320.32"
2026-05-08,20:34:29,BitGet,ETHUSDT,CLOSE_LONG,0.07,2310.99,3.25,0.1618,-0.9774,,,1436713862810972161-CLOSE,LIVE,synapse_t,"LOSS: -0.9774 USDT | Ulaz 2320.32 → Izlaz 2310.99"
2026-05-08,18:33:39,BitGet,DOGEUSDT,LONG,1604,0.10886,3.49,0.1746,OPEN,,,1436713952975925250,LIVE,synapse_t,"Ulaz LONG po 0.10886"
2026-05-08,20:36:51,BitGet,DOGEUSDT,CLOSE_LONG,1604,0.10919,3.49,0.1751,0.1796,,,1436713952975925250-CLOSE,LIVE,synapse_t,"WIN: +0.1796 USDT | Ulaz 0.10886 → Izlaz 0.10919"
2026-05-08,18:33:42,BitGet,SUIUSDT,LONG,167.8,1.0247,3.44,0.1719,OPEN,,,1436713963205832706,LIVE,synapse_t,"Ulaz LONG po 1.0247"
2026-05-08,20:36:51,BitGet,SUIUSDT,CLOSE_LONG,167.8,1.0217,3.44,0.1714,-0.8468,,,1436713963205832706-CLOSE,LIVE,synapse_t,"LOSS: -0.8468 USDT | Ulaz 1.0247 → Izlaz 1.0217"
2026-05-08,18:33:44,BitGet,TAOUSDT,LONG,0.534,317,3.39,0.1693,OPEN,,,1436713971338588163,LIVE,synapse_t,"Ulaz LONG po 317"
2026-05-08,20:06:04,BitGet,TAOUSDT,CLOSE_LONG,0.534,309.4,3.39,0.1652,-4.4013,,,1436713971338588163-CLOSE,LIVE,synapse_t,"LOSS: -4.4013 USDT | Ulaz 317 → Izlaz 309.4"
2026-05-08,20:45:38,BitGet,NEARUSDT,LONG,196,1.569,6.15,0.3075,OPEN,,,1436747167354728450,LIVE,synapse_t,"Ulaz LONG po 1.569"
2026-05-08,21:34:06,BitGet,NEARUSDT,CLOSE_LONG,196,1.5997,6.15,0.3135,5.3882,,,1436747167354728450-CLOSE,LIVE,synapse_t,"WIN: +5.3882 USDT | Ulaz 1.569 → Izlaz 1.5997"
2026-05-08,21:17:47,BitGet,ZECUSDT,LONG,0.518,588.48,6.10,0.3048,OPEN,,,1436755255898025987,LIVE,synapse_t,"Ulaz LONG po 588.48"
2026-05-08,21:21:39,BitGet,ZECUSDT,CLOSE_LONG,0.518,581.22,6.10,0.3011,-4.3693,,,1436755255898025987-CLOSE,LIVE,synapse_t,"LOSS: -4.3693 USDT | Ulaz 588.48 → Izlaz 581.22"
2026-05-08,21:18:49,BitGet,RIVERUSDT,LONG,46,6.462,5.95,0.2973,OPEN,,,1436755518734086147,LIVE,synapse_t,"Ulaz LONG po 6.462"
2026-05-08,21:38:37,BitGet,RIVERUSDT,CLOSE_LONG,46,6.593,5.95,0.3033,5.4044,,,1436755518734086147-CLOSE,LIVE,synapse_t,"WIN: +5.4044 USDT | Ulaz 6.462 → Izlaz 6.593"
2026-05-08,21:19:47,BitGet,HYPEUSDT,LONG,6.92,43.152,5.97,0.2986,OPEN,,,1436755758979624962,LIVE,synapse_t,"Ulaz LONG po 43.152"
2026-05-08,23:38:21,BitGet,HYPEUSDT,CLOSE_LONG,6.92,42.619,5.97,0.2949,-4.2801,,,1436755758979624962-CLOSE,LIVE,synapse_t,"LOSS: -4.2801 USDT | Ulaz 43.152 → Izlaz 42.619"
2026-05-08,21:21:47,BitGet,TAOUSDT,LONG,0.936,315.59,5.91,0.2954,OPEN,,,1436756263206268931,LIVE,synapse_t,"Ulaz LONG po 315.59"
2026-05-09,03:30:16,BitGet,TAOUSDT,CLOSE_LONG,0.936,312.32,5.91,0.2923,-3.6631,,,1436756263206268931-CLOSE,LIVE,synapse_t,"LOSS: -3.6631 USDT | Ulaz 315.59 → Izlaz 312.32"
2026-05-08,21:21:49,BitGet,XRPUSDT,LONG,206,1.4158,5.83,0.2917,OPEN,,,1436756273297764354,LIVE,synapse_t,"Ulaz LONG po 1.4158"
2026-05-10,15:52:50,BitGet,XRPUSDT,CLOSE_LONG,206,1.444,5.83,0.2975,5.1055,,,1436756273297764354-CLOSE,LIVE,synapse_t,"WIN: +5.1055 USDT | Ulaz 1.4158 → Izlaz 1.444"
2026-05-08,21:23:47,BitGet,LINKUSDT,LONG,28,10.326,5.78,0.2891,OPEN,,,1436756764610146307,LIVE,synapse_t,"Ulaz LONG po 10.326"
2026-05-09,01:47:00,BitGet,LINKUSDT,CLOSE_LONG,28,10.533,5.78,0.2949,5.2148,,,1436756764610146307-CLOSE,LIVE,synapse_t,"WIN: +5.2148 USDT | Ulaz 10.326 → Izlaz 10.533"
2026-05-08,21:28:46,BitGet,ZECUSDT,LONG,0.487,589.75,5.74,0.2872,OPEN,,,1436758022809071619,LIVE,synapse_t,"Ulaz LONG po 589.75"
2026-05-08,21:29:39,BitGet,ZECUSDT,CLOSE_LONG,0.487,582.46,5.74,0.2837,-4.1167,,,1436758022809071619-CLOSE,LIVE,synapse_t,"LOSS: -4.1167 USDT | Ulaz 589.75 → Izlaz 582.46"
2026-05-08,22:14:47,BitGet,ADAUSDT,LONG,1121,0.2771,6.21,0.3106,OPEN,,,1436769602649075715,LIVE,synapse_t,"Ulaz LONG po 0.2771"
2026-05-08,22:28:50,BitGet,ADAUSDT,CLOSE_LONG,1121,0.2736,6.21,0.3068,-4.4524,,,1436769602649075715-CLOSE,LIVE,synapse_t,"LOSS: -4.4524 USDT | Ulaz 0.2771 → Izlaz 0.2736"
2026-05-08,22:14:50,BitGet,BTCUSDT,LONG,0.0038,80350,6.11,0.3053,OPEN,,,1436769612694433794,LIVE,synapse_t,"Ulaz LONG po 80350"
2026-05-10,22:33:51,BitGet,BTCUSDT,CLOSE_LONG,0.0038,82004.8,6.11,0.3116,5.6586,,,1436769612694433794-CLOSE,LIVE,synapse_t,"WIN: +5.6586 USDT | Ulaz 80350 → Izlaz 82004.8"
2026-05-08,22:18:47,BitGet,NEARUSDT,LONG,193,1.5745,6.08,0.3039,OPEN,,,1436770607650451458,LIVE,synapse_t,"Ulaz LONG po 1.5745"
2026-05-09,00:30:06,BitGet,NEARUSDT,CLOSE_LONG,193,1.6067,6.08,0.3101,5.5833,,,1436770607650451458-CLOSE,LIVE,synapse_t,"WIN: +5.5833 USDT | Ulaz 1.5745 → Izlaz 1.6067"
2026-05-09,01:49:52,BitGet,NEARUSDT,LONG,197,1.6135,6.36,0.3179,OPEN,,,1436823727717888003,LIVE,synapse_t,"Ulaz LONG po 1.6135"
2026-05-09,02:00:03,BitGet,NEARUSDT,CLOSE_LONG,197,1.5936,6.36,0.3139,-4.5562,,,1436823727717888003-CLOSE,LIVE,synapse_t,"LOSS: -4.5562 USDT | Ulaz 1.6135 → Izlaz 1.5936"
2026-05-09,01:49:54,BitGet,ADAUSDT,LONG,1135,0.2779,6.31,0.3154,OPEN,,,1436823737792606213,LIVE,synapse_t,"Ulaz LONG po 0.2779"
2026-05-09,03:41:17,BitGet,ADAUSDT,CLOSE_LONG,1135,0.2744,6.31,0.3115,-4.5210,,,1436823737792606213-CLOSE,LIVE,synapse_t,"LOSS: -4.5210 USDT | Ulaz 0.2779 → Izlaz 0.2744"
2026-05-09,01:49:56,BitGet,ETHUSDT,LONG,0.13,2316.63,6.02,0.3012,OPEN,,,1436823745497542717,LIVE,synapse_t,"Ulaz LONG po 2316.63"
2026-05-09,15:09:07,BitGet,ETHUSDT,CLOSE_LONG,0.13,2295.99,6.02,0.2985,-3.3128,,,1436823745497542717-CLOSE,LIVE,synapse_t,"LOSS: -3.3128 USDT | Ulaz 2316.63 → Izlaz 2295.99"
2026-05-09,01:49:59,BitGet,LINKUSDT,LONG,29,10.553,6.12,0.3060,OPEN,,,1436823757510029315,LIVE,synapse_t,"Ulaz LONG po 10.553"
2026-05-09,06:18:44,BitGet,LINKUSDT,CLOSE_LONG,29,10.422,6.12,0.3023,-4.3865,,,1436823757510029315-CLOSE,LIVE,synapse_t,"LOSS: -4.3865 USDT | Ulaz 10.553 → Izlaz 10.422"
2026-05-09,01:50:52,BitGet,DOGEUSDT,LONG,2769,0.11057,6.12,0.3062,OPEN,,,1436823978499518469,LIVE,synapse_t,"Ulaz LONG po 0.11057"
2026-05-09,07:09:28,BitGet,DOGEUSDT,CLOSE_LONG,2769,0.1092,6.12,0.3024,-4.3884,,,1436823978499518469-CLOSE,LIVE,synapse_t,"LOSS: -4.3884 USDT | Ulaz 0.11057 → Izlaz 0.1092"
2026-05-09,01:51:51,BitGet,SOLUSDT,LONG,3.2,93.494,5.98,0.2992,OPEN,,,1436824229230817282,LIVE,synapse_t,"Ulaz LONG po 93.494"
2026-05-09,05:00:31,BitGet,SOLUSDT,CLOSE_LONG,3.2,92.651,5.98,0.2965,-3.2910,,,1436824229230817282-CLOSE,LIVE,synapse_t,"LOSS: -3.2910 USDT | Ulaz 93.494 → Izlaz 92.651"
2026-05-09,01:51:54,BitGet,PEPEUSDT,LONG,68848000,0.0000043625,6.01,0.3004,OPEN,,,1436824239309729793,LIVE,synapse_t,"Ulaz LONG po 0.0000043625"
2026-05-09,02:25:34,BitGet,PEPEUSDT,CLOSE_LONG,68848000,0.0000043087,6.01,0.2966,-4.3051,,,1436824239309729793-CLOSE,LIVE,synapse_t,"LOSS: -4.3051 USDT | Ulaz 0.0000043625 → Izlaz 0.0000043087"
2026-05-09,01:52:52,BitGet,SUIUSDT,LONG,274.1,1.084,5.94,0.2971,OPEN,,,1436824482055073798,LIVE,synapse_t,"Ulaz LONG po 1.084"
2026-05-09,02:11:54,BitGet,SUIUSDT,CLOSE_LONG,274.1,1.1052,5.94,0.3029,5.2109,,,1436824482055073798-CLOSE,LIVE,synapse_t,"WIN: +5.2109 USDT | Ulaz 1.084 → Izlaz 1.1052"
2026-05-09,06:01:20,BitGet,RIVERUSDT,LONG,41,6.753,5.54,0.2769,OPEN,,,1436887011926093826,LIVE,synapse_t,"Ulaz LONG po 6.753"
2026-05-09,10:02:11,BitGet,RIVERUSDT,CLOSE_LONG,41,6.673,5.54,0.2736,-3.9113,,,1436887011926093826-CLOSE,LIVE,synapse_t,"LOSS: -3.9113 USDT | Ulaz 6.753 → Izlaz 6.673"
2026-05-09,06:01:24,BitGet,SOLUSDT,LONG,2.9,93.741,5.44,0.2718,OPEN,,,1436887029751885886,LIVE,synapse_t,"Ulaz LONG po 93.741"
2026-05-09,06:37:15,BitGet,SOLUSDT,CLOSE_LONG,2.9,92.896,5.44,0.2694,-2.9903,,,1436887029751885886-CLOSE,LIVE,synapse_t,"LOSS: -2.9903 USDT | Ulaz 93.741 → Izlaz 92.896"
2026-05-09,06:01:29,BitGet,HYPEUSDT,LONG,6.25,44.188,5.52,0.2762,OPEN,,,1436887050421415940,LIVE,synapse_t,"Ulaz LONG po 44.188"
2026-05-09,06:30:13,BitGet,HYPEUSDT,CLOSE_LONG,6.25,43.642,5.52,0.2728,-3.9585,,,1436887050421415940-CLOSE,LIVE,synapse_t,"LOSS: -3.9585 USDT | Ulaz 44.188 → Izlaz 43.642"
2026-05-09,07:01:19,BitGet,SUIUSDT,LONG,254.3,1.0698,5.44,0.2721,OPEN,,,1436902107867918338,LIVE,synapse_t,"Ulaz LONG po 1.0698"
2026-05-09,09:11:39,BitGet,SUIUSDT,CLOSE_LONG,254.3,1.0619,5.44,0.2700,-2.5783,,,1436902107867918338-CLOSE,LIVE,synapse_t,"LOSS: -2.5783 USDT | Ulaz 1.0698 → Izlaz 1.0619"
2026-05-09,07:01:24,BitGet,ZECUSDT,LONG,0.437,615.97,5.38,0.2692,OPEN,,,1436902128591974403,LIVE,synapse_t,"Ulaz LONG po 615.97"
2026-05-09,07:10:22,BitGet,ZECUSDT,CLOSE_LONG,0.437,608.36,5.38,0.2659,-3.8582,,,1436902128591974403-CLOSE,LIVE,synapse_t,"LOSS: -3.8582 USDT | Ulaz 615.97 → Izlaz 608.36"
2026-05-09,07:04:19,BitGet,SOLUSDT,LONG,2.8,93.556,5.24,0.2620,OPEN,,,1436902860917452804,LIVE,synapse_t,"Ulaz LONG po 93.556"
2026-05-09,09:17:31,BitGet,SOLUSDT,CLOSE_LONG,2.8,92.709,5.24,0.2596,-2.8815,,,1436902860917452804-CLOSE,LIVE,synapse_t,"LOSS: -2.8815 USDT | Ulaz 93.556 → Izlaz 92.709"
2026-05-09,07:16:19,BitGet,DOGEUSDT,LONG,2380,0.11022,5.25,0.2623,OPEN,,,1436905884285022211,LIVE,synapse_t,"Ulaz LONG po 0.11022"
2026-05-09,10:03:13,BitGet,DOGEUSDT,CLOSE_LONG,2380,0.10887,5.25,0.2591,-3.7600,,,1436905884285022211-CLOSE,LIVE,synapse_t,"LOSS: -3.7600 USDT | Ulaz 0.11022 → Izlaz 0.10887"
2026-05-09,07:16:25,BitGet,ZECUSDT,LONG,0.423,612.9,5.19,0.2593,OPEN,,,1436905905743081475,LIVE,synapse_t,"Ulaz LONG po 612.9"
2026-05-09,07:39:03,BitGet,ZECUSDT,CLOSE_LONG,0.423,605.33,5.19,0.2561,-3.7160,,,1436905905743081475-CLOSE,LIVE,synapse_t,"LOSS: -3.7160 USDT | Ulaz 612.9 → Izlaz 605.33"
2026-05-10,15:34:17,BitGet,ADAUSDT,LONG,931,0.2764,5.15,0.2573,OPEN,,,1437393587577434114,LIVE,synapse_t,"Ulaz LONG po 0.2764"
2026-05-10,15:45:56,BitGet,ADAUSDT,CLOSE_LONG,931,0.2816,5.15,0.2622,4.3217,,,1437393587577434114-CLOSE,LIVE,synapse_t,"WIN: +4.3217 USDT | Ulaz 0.2764 → Izlaz 0.2816"
2026-05-10,15:35:17,BitGet,ETHUSDT,LONG,0.1,2336.36,4.67,0.2336,OPEN,,,1437393839046930434,LIVE,synapse_t,"Ulaz LONG po 2336.36"
2026-05-10,20:49:25,BitGet,ETHUSDT,CLOSE_LONG,0.1,2312.65,4.67,0.2313,-2.8594,,,1437393839046930434-CLOSE,LIVE,synapse_t,"LOSS: -2.8594 USDT | Ulaz 2336.36 → Izlaz 2312.65"
2026-05-10,15:36:18,BitGet,PEPEUSDT,LONG,58901000,0.0000042851,5.05,0.2524,OPEN,,,1437394094954000386,LIVE,synapse_t,"Ulaz LONG po 0.0000042851"
2026-05-10,17:18:43,BitGet,PEPEUSDT,CLOSE_LONG,58901000,0.0000043724,5.05,0.2575,4.6035,,,1437394094954000386-CLOSE,LIVE,synapse_t,"WIN: +4.6035 USDT | Ulaz 0.0000042851 → Izlaz 0.0000043724"
2026-05-10,15:38:17,BitGet,SOLUSDT,LONG,2.6,94.515,4.91,0.2457,OPEN,,,1437394596227854339,LIVE,synapse_t,"Ulaz LONG po 94.515"
2026-05-10,17:55:40,BitGet,SOLUSDT,CLOSE_LONG,2.6,96.408,4.91,0.2507,4.4225,,,1437394596227854339-CLOSE,LIVE,synapse_t,"WIN: +4.4225 USDT | Ulaz 94.515 → Izlaz 96.408"
2026-05-10,15:38:22,BitGet,LINKUSDT,LONG,23,10.578,4.87,0.2433,OPEN,,,1437394613999120390,LIVE,synapse_t,"Ulaz LONG po 10.578"
2026-05-10,17:52:18,BitGet,LINKUSDT,CLOSE_LONG,23,10.788,4.87,0.2481,4.3142,,,1437394613999120390-CLOSE,LIVE,synapse_t,"WIN: +4.3142 USDT | Ulaz 10.578 → Izlaz 10.788"
2026-05-10,15:45:17,BitGet,SUIUSDT,LONG,204.4,1.1992,4.90,0.2451,OPEN,,,1437396355860017220,LIVE,synapse_t,"Ulaz LONG po 1.1992"
2026-05-10,15:59:21,BitGet,SUIUSDT,CLOSE_LONG,204.4,1.2222,4.90,0.2498,4.2224,,,1437396355860017220-CLOSE,LIVE,synapse_t,"WIN: +4.2224 USDT | Ulaz 1.1992 → Izlaz 1.2222"
2026-05-10,16:05:17,BitGet,DOGEUSDT,LONG,2354,0.10923,5.14,0.2571,OPEN,,,1437401388957708321,LIVE,synapse_t,"Ulaz LONG po 0.10923"
2026-05-10,18:21:34,BitGet,DOGEUSDT,CLOSE_LONG,2354,0.11142,5.14,0.2623,4.6358,,,1437401388957708321-CLOSE,LIVE,synapse_t,"WIN: +4.6358 USDT | Ulaz 0.10923 → Izlaz 0.11142"
2026-05-10,16:05:22,BitGet,SUIUSDT,LONG,207.4,1.2312,5.11,0.2554,OPEN,,,1437401408503164931,LIVE,synapse_t,"Ulaz LONG po 1.2312"
2026-05-10,16:22:42,BitGet,SUIUSDT,CLOSE_LONG,207.4,1.252,5.11,0.2597,3.7973,,,1437401408503164931-CLOSE,LIVE,synapse_t,"WIN: +3.7973 USDT | Ulaz 1.2312 → Izlaz 1.252"
2026-05-10,16:05:26,BitGet,XRPUSDT,LONG,174,1.4451,5.03,0.2514,OPEN,,,1437401427071348737,LIVE,synapse_t,"Ulaz LONG po 1.4451"
2026-05-10,16:32:27,BitGet,XRPUSDT,CLOSE_LONG,174,1.4735,5.03,0.2564,4.4338,,,1437401427071348737-CLOSE,LIVE,synapse_t,"WIN: +4.4338 USDT | Ulaz 1.4451 → Izlaz 1.4735"
2026-05-10,16:11:19,BitGet,RIVERUSDT,LONG,38,6.425,4.88,0.2442,OPEN,,,1437402905626423297,LIVE,synapse_t,"Ulaz LONG po 6.425"
2026-05-10,17:09:22,BitGet,RIVERUSDT,CLOSE_LONG,38,6.363,4.88,0.2418,-2.8130,,,1437402905626423297-CLOSE,LIVE,synapse_t,"LOSS: -2.8130 USDT | Ulaz 6.425 → Izlaz 6.363"
2026-05-10,16:31:40,BitGet,ZECUSDT,SHORT,0.422,594.15,5.01,0.2507,OPEN,,,1437408030029918210,LIVE,synapse_t,"Ulaz SHORT po 594.15"
2026-05-10,20:15:16,BitGet,ZECUSDT,CLOSE_SHORT,0.422,579.66,5.01,0.2446,5.6326,,,1437408030029918210-CLOSE,LIVE,synapse_t,"WIN: +5.6326 USDT | Ulaz 594.15 → Izlaz 579.66"
2026-05-10,16:32:40,BitGet,TAOUSDT,LONG,0.766,323.81,4.96,0.2480,OPEN,,,1437408279402262531,LIVE,synapse_t,"Ulaz LONG po 323.81"
2026-05-10,19:22:45,BitGet,TAOUSDT,CLOSE_LONG,0.766,330.65,4.96,0.2533,4.7412,,,1437408279402262531-CLOSE,LIVE,synapse_t,"WIN: +4.7412 USDT | Ulaz 323.81 → Izlaz 330.65"
2026-05-10,16:34:40,BitGet,SUIUSDT,LONG,194.9,1.2619,4.92,0.2459,OPEN,,,1437408781787607043,LIVE,synapse_t,"Ulaz LONG po 1.2619"
2026-05-10,16:42:44,BitGet,SUIUSDT,CLOSE_LONG,194.9,1.2494,4.92,0.2435,-2.9257,,,1437408781787607043-CLOSE,LIVE,synapse_t,"LOSS: -2.9257 USDT | Ulaz 1.2619 → Izlaz 1.2494"
2026-05-10,16:46:40,BitGet,XAGUSDT,LONG,3.07,81.45,5.00,0.2501,OPEN,,,1437411801946533890,LIVE,synapse_t,"Ulaz LONG po 81.45"
2026-05-10,20:32:13,BitGet,XAGUSDT,CLOSE_LONG,3.07,80.58,5.00,0.2474,-3.1340,,,1437411801946533890-CLOSE,LIVE,synapse_t,"LOSS: -3.1340 USDT | Ulaz 81.45 → Izlaz 80.58"
2026-05-10,16:47:39,BitGet,ADAUSDT,LONG,872,0.284,4.95,0.2476,OPEN,,,1437412051385987075,LIVE,synapse_t,"Ulaz LONG po 0.284"
2026-05-10,20:45:04,BitGet,ADAUSDT,CLOSE_LONG,872,0.2811,4.95,0.2451,-3.0216,,,1437412051385987075-CLOSE,LIVE,synapse_t,"LOSS: -3.0216 USDT | Ulaz 0.284 → Izlaz 0.2811"
2026-05-10,16:47:43,BitGet,SUIUSDT,LONG,197,1.2457,4.91,0.2454,OPEN,,,1437412069736067159,LIVE,synapse_t,"Ulaz LONG po 1.2457"
2026-05-10,16:56:06,BitGet,SUIUSDT,CLOSE_LONG,197,1.2698,4.91,0.2502,4.2521,,,1437412069736067159-CLOSE,LIVE,synapse_t,"WIN: +4.2521 USDT | Ulaz 1.2457 → Izlaz 1.2698"
2026-05-10,16:47:48,BitGet,XRPUSDT,LONG,164,1.4739,4.83,0.2417,OPEN,,,1437412087545081861,LIVE,synapse_t,"Ulaz LONG po 1.4739"
2026-05-10,17:55:07,BitGet,XRPUSDT,CLOSE_LONG,164,1.5032,4.83,0.2465,4.3170,,,1437412087545081861-CLOSE,LIVE,synapse_t,"WIN: +4.3170 USDT | Ulaz 1.4739 → Izlaz 1.5032"
2026-05-10,18:01:40,BitGet,HYPEUSDT,LONG,6.27,43.677,5.48,0.2739,OPEN,,,1437430678428463107,LIVE,synapse_t,"Ulaz LONG po 43.677"
2026-05-10,19:06:02,BitGet,HYPEUSDT,CLOSE_LONG,6.27,42.846,5.48,0.2686,-5.7510,,,1437430678428463107-CLOSE,LIVE,synapse_t,"LOSS: -5.7510 USDT | Ulaz 43.677 → Izlaz 42.846"
2026-05-10,18:02:40,BitGet,SUIUSDT,LONG,202.4,1.3375,5.41,0.2707,OPEN,,,1437430927997939716,LIVE,synapse_t,"Ulaz LONG po 1.3375"
2026-05-10,18:14:12,BitGet,SUIUSDT,CLOSE_LONG,202.4,1.3245,5.41,0.2681,-3.1700,,,1437430927997939716-CLOSE,LIVE,synapse_t,"LOSS: -3.1700 USDT | Ulaz 1.3375 → Izlaz 1.3245"
2026-05-10,18:03:09,BitGet,RIVERUSDT,LONG,41,6.439,5.28,0.2640,OPEN,,,1437431049276239874,LIVE,synapse_t,"Ulaz LONG po 6.439"
2026-05-10,20:16:35,BitGet,RIVERUSDT,CLOSE_LONG,41,6.376,5.28,0.2614,-3.1784,,,1437431049276239874-CLOSE,LIVE,synapse_t,"LOSS: -3.1784 USDT | Ulaz 6.439 → Izlaz 6.376"
2026-05-10,18:13:06,BitGet,PEPEUSDT,LONG,59158000,0.0000044922,5.32,0.2658,OPEN,,,1437433556601810945,LIVE,synapse_t,"Ulaz LONG po 0.0000044922"
2026-05-10,20:16:04,BitGet,PEPEUSDT,CLOSE_LONG,59158000,0.0000044433,5.32,0.2629,-3.4235,,,1437433556601810945-CLOSE,LIVE,synapse_t,"LOSS: -3.4235 USDT | Ulaz 0.0000044922 → Izlaz 0.0000044433"
2026-05-10,18:15:06,BitGet,SOLUSDT,LONG,2.7,96.63,5.22,0.2609,OPEN,,,1437434057552703490,LIVE,synapse_t,"Ulaz LONG po 96.63"
2026-05-10,20:16:07,BitGet,SOLUSDT,CLOSE_LONG,2.7,95.662,5.22,0.2583,-3.1328,,,1437434057552703490-CLOSE,LIVE,synapse_t,"LOSS: -3.1328 USDT | Ulaz 96.63 → Izlaz 95.662"
2026-05-10,18:49:10,BitGet,NEARUSDT,LONG,167,1.604,5.36,0.2679,OPEN,,,1437442632266166275,LIVE,synapse_t,"Ulaz LONG po 1.604"
2026-05-10,20:31:15,BitGet,NEARUSDT,CLOSE_LONG,167,1.587,5.36,0.2650,-3.3600,,,1437442632266166275-CLOSE,LIVE,synapse_t,"LOSS: -3.3600 USDT | Ulaz 1.604 → Izlaz 1.587"
2026-05-10,18:49:15,BitGet,LINKUSDT,LONG,24,10.79,5.18,0.2590,OPEN,,,1437442652168138755,LIVE,synapse_t,"Ulaz LONG po 10.79"
2026-05-10,20:32:39,BitGet,LINKUSDT,CLOSE_LONG,24,10.679,5.18,0.2563,-3.1793,,,1437442652168138755-CLOSE,LIVE,synapse_t,"LOSS: -3.1793 USDT | Ulaz 10.79 → Izlaz 10.679"
2026-05-10,18:49:19,BitGet,XRPUSDT,LONG,176,1.4881,5.24,0.2619,OPEN,,,1437442671180918786,LIVE,synapse_t,"Ulaz LONG po 1.4881"
2026-05-10,20:16:11,BitGet,XRPUSDT,CLOSE_LONG,176,1.4727,5.24,0.2592,-3.2315,,,1437442671180918786-CLOSE,LIVE,synapse_t,"LOSS: -3.2315 USDT | Ulaz 1.4881 → Izlaz 1.4727"
2026-05-10,18:49:24,BitGet,BNBUSDT,LONG,0.39,661.15,5.16,0.2578,OPEN,,,1437442690202087428,LIVE,synapse_t,"Ulaz LONG po 661.15"
2026-05-10,20:44:32,BitGet,BNBUSDT,CLOSE_LONG,0.39,654.47,5.16,0.2552,-3.1183,,,1437442690202087428-CLOSE,LIVE,synapse_t,"LOSS: -3.1183 USDT | Ulaz 661.15 → Izlaz 654.47"
2026-05-10,18:49:28,BitGet,INJUSDT,LONG,59,4.354,5.14,0.2569,OPEN,,,1437442709206478851,LIVE,synapse_t,"Ulaz LONG po 4.354"
2026-05-10,20:16:03,BitGet,INJUSDT,CLOSE_LONG,59,4.308,5.14,0.2542,-3.2690,,,1437442709206478851-CLOSE,LIVE,synapse_t,"LOSS: -3.2690 USDT | Ulaz 4.354 → Izlaz 4.308"
2026-05-10,18:49:33,BitGet,APTUSDT,LONG,213.719,1.1933,5.10,0.2551,OPEN,,,1437442728206675971,LIVE,synapse_t,"Ulaz LONG po 1.1933"
2026-05-10,19:02:49,BitGet,APTUSDT,CLOSE_LONG,213.719,1.1803,5.10,0.2523,-3.3044,,,1437442728206675971-CLOSE,LIVE,synapse_t,"LOSS: -3.3044 USDT | Ulaz 1.1933 → Izlaz 1.1803"
2026-05-10,18:49:38,BitGet,DOTUSDT,LONG,178,1.411,5.02,0.2512,OPEN,,,1437442748263837699,LIVE,synapse_t,"Ulaz LONG po 1.411"
2026-05-10,20:16:24,BitGet,DOTUSDT,CLOSE_LONG,178,1.397,5.02,0.2487,-2.9918,,,1437442748263837699-CLOSE,LIVE,synapse_t,"LOSS: -2.9918 USDT | Ulaz 1.411 → Izlaz 1.397"
2026-05-10,18:49:42,BitGet,AVAXUSDT,LONG,23.9,10.418,4.98,0.2490,OPEN,,,1437442767289200641,LIVE,synapse_t,"Ulaz LONG po 10.418"
2026-05-10,20:30:21,BitGet,AVAXUSDT,CLOSE_LONG,23.9,10.308,4.98,0.2464,-3.1244,,,1437442767289200641-CLOSE,LIVE,synapse_t,"LOSS: -3.1244 USDT | Ulaz 10.418 → Izlaz 10.308"
2026-05-10,18:49:47,BitGet,FETUSDT,LONG,1016,0.243,4.94,0.2469,OPEN,,,1437442787459608579,LIVE,synapse_t,"Ulaz LONG po 0.243"
2026-05-10,19:29:00,BitGet,FETUSDT,CLOSE_LONG,1016,0.2479,4.94,0.2519,4.4796,,,1437442787459608579-CLOSE,LIVE,synapse_t,"WIN: +4.4796 USDT | Ulaz 0.243 → Izlaz 0.2479"
2026-05-10,18:49:52,BitGet,SEIUSDT,LONG,3191,0.07674,4.90,0.2449,OPEN,,,1437442806627577859,LIVE,synapse_t,"Ulaz LONG po 0.07674"
2026-05-10,19:17:22,BitGet,SEIUSDT,CLOSE_LONG,3191,0.07821,4.90,0.2496,4.2216,,,1437442806627577859-CLOSE,LIVE,synapse_t,"WIN: +4.2216 USDT | Ulaz 0.07674 → Izlaz 0.07821"
2026-05-10,18:49:56,BitGet,ENAUSDT,LONG,1771,0.1368,4.85,0.2423,OPEN,,,1437442825690689536,LIVE,synapse_t,"Ulaz LONG po 0.1368"
2026-05-10,19:01:36,BitGet,ENAUSDT,CLOSE_LONG,1771,0.1354,4.85,0.2398,-2.9615,,,1437442825690689536-CLOSE,LIVE,synapse_t,"LOSS: -2.9615 USDT | Ulaz 0.1368 → Izlaz 0.1354"
2026-05-10,18:50:10,BitGet,DOGEUSDT,LONG,2159,0.11105,4.80,0.2398,OPEN,,,1437442882829692930,LIVE,synapse_t,"Ulaz LONG po 0.11105"
2026-05-10,20:31:23,BitGet,DOGEUSDT,CLOSE_LONG,2159,0.10981,4.80,0.2371,-3.1540,,,1437442882829692930-CLOSE,LIVE,synapse_t,"LOSS: -3.1540 USDT | Ulaz 0.11105 → Izlaz 0.10981"
2026-05-10,18:50:14,BitGet,SUIUSDT,LONG,172.6,1.3748,4.75,0.2373,OPEN,,,1437442901758586883,LIVE,synapse_t,"Ulaz LONG po 1.3748"
2026-05-10,19:02:41,BitGet,SUIUSDT,CLOSE_LONG,172.6,1.3578,4.75,0.2344,-3.3964,,,1437442901758586883-CLOSE,LIVE,synapse_t,"LOSS: -3.3964 USDT | Ulaz 1.3748 → Izlaz 1.3578"
2026-05-11,06:49:56,BitGet,HYPEUSDT,SHORT,5.82,41.916,4.88,0.2440,OPEN,,,1437624019023704067,LIVE,synapse_t,"Ulaz SHORT po 41.916"
2026-05-11,14:27:36,BitGet,HYPEUSDT,CLOSE_SHORT,5.82,41.053,4.88,0.2389,4.5296,,,1437624019023704067-CLOSE,LIVE,synapse_t,"WIN: +4.5296 USDT | Ulaz 41.916 → Izlaz 41.053"
2026-05-11,07:04:56,BitGet,APTUSDT,SHORT,216.179,1.1197,4.84,0.2421,OPEN,,,1437627793935052909,LIVE,synapse_t,"Ulaz SHORT po 1.1197"
2026-05-11,07:42:08,BitGet,APTUSDT,CLOSE_SHORT,216.179,1.1304,4.84,0.2444,-2.7941,,,1437627793935052909-CLOSE,LIVE,synapse_t,"LOSS: -2.7941 USDT | Ulaz 1.1197 → Izlaz 1.1304"
2026-05-11,09:05:56,BitGet,FETUSDT,LONG,1006,0.238,4.79,0.2394,OPEN,,,1437658245341261830,LIVE,synapse_t,"Ulaz LONG po 0.238"
2026-05-11,12:51:15,BitGet,FETUSDT,CLOSE_LONG,1006,0.2354,4.79,0.2368,-3.0918,,,1437658245341261830-CLOSE,LIVE,synapse_t,"LOSS: -3.0918 USDT | Ulaz 0.238 → Izlaz 0.2354"
2026-05-11,09:41:10,BitGet,NEARUSDT,LONG,76,1.5529,2.36,0.1180,OPEN,,,1437667109314899970,LIVE,synapse_t,"Ulaz LONG po 1.5529"
2026-05-11,13:17:57,BitGet,NEARUSDT,CLOSE_LONG,76,1.5233,2.36,0.1158,-2.4784,,,1437667109314899970-CLOSE,LIVE,synapse_t,"LOSS: -2.4784 USDT | Ulaz 1.5529 → Izlaz 1.5233"
2026-05-11,09:41:15,BitGet,SOLUSDT,SHORT,1.6,95.089,3.04,0.1521,OPEN,,,1437667132559732737,LIVE,synapse_t,"Ulaz SHORT po 95.089"
2026-05-11,15:55:26,BitGet,SOLUSDT,CLOSE_SHORT,1.6,96.486,3.04,0.1544,-2.5411,,,1437667132559732737-CLOSE,LIVE,synapse_t,"LOSS: -2.5411 USDT | Ulaz 95.089 → Izlaz 96.486"
2026-05-11,09:41:23,BitGet,SEIUSDT,SHORT,1253,0.07407,1.86,0.0928,OPEN,,,1437667165367578627,LIVE,synapse_t,"Ulaz SHORT po 0.07407"
2026-05-11,11:33:20,BitGet,SEIUSDT,CLOSE_SHORT,1253,0.07548,1.86,0.0946,-1.9490,,,1437667165367578627-CLOSE,LIVE,synapse_t,"LOSS: -1.9490 USDT | Ulaz 0.07407 → Izlaz 0.07548"
2026-05-11,14:31:56,BitGet,DOGEUSDT,SHORT,1017,0.10919,2.22,0.1110,OPEN,,,1437740282962128898,LIVE,synapse_t,"Ulaz SHORT po 0.10919"
2026-05-11,15:27:07,BitGet,DOGEUSDT,CLOSE_SHORT,1017,0.11127,2.22,0.1132,-2.3320,,,1437740282962128898-CLOSE,LIVE,synapse_t,"LOSS: -2.3320 USDT | Ulaz 0.10919 → Izlaz 0.11127"
